{
  "capture_monitor": 0,
  "output_monitor": 1,
  "corners": [
    [
      0.234075927734375,
      0.0833984375
    ],
    [
      0.9715047200520833,
      0.04623119212962963
    ],
    [
      0.9835367838541667,
      0.9727177372685185
    ],
    [
      0.194403076171875,
      0.8599320023148148
    ]
  ],
  "capture_fps_cap": 45,
  "show_calibration_handles": true
}